BenchmarkComplicatedGroupExecution	106546.7	3960.28271844
BenchmarkGroupingExecution	64842.2	3427.8793386
BenchmarkLargeGroupExecution	239330.8	7214.37911119
BenchmarkNormalExecution	34456.0	935.739707397
BenchmarkNormalJoin	192605.4	6757.29042146
BenchmarkWithWhere	25782.5	731.991017704
