BenchmarkNormalExecution	101667.9	3033.2478781
BenchmarkNormalJoin	325553.6	4444.29340166
BenchmarkVolatileJoin	328765.2	5054.4814927
BenchmarkWithWhere	58808.7	809.604848059
