BenchmarkNormalExecution	100060.6	2254.93437599
BenchmarkNormalJoin	331326.8	11795.0954791
BenchmarkVolatileJoin	509397.9	21208.0855923
BenchmarkWithWhere	59760.5	2281.85403784
